cart_id,user_id,cart_date,product_id,quantity
1,1,2020-03-02 00:00:00,1,4
1,1,2020-03-02 00:00:00,2,1
1,1,2020-03-02 00:00:00,3,6
2,1,2020-01-02 00:00:00,2,4
2,1,2020-01-02 00:00:00,1,10
2,1,2020-01-02 00:00:00,5,2
3,2,2020-03-01 00:00:00,1,2
3,2,2020-03-01 00:00:00,9,1
4,3,2020-01-01 00:00:00,1,4
5,3,2020-03-01 00:00:00,7,1
5,3,2020-03-01 00:00:00,8,1
6,4,2020-03-01 00:00:00,10,2
6,4,2020-03-01 00:00:00,12,3
7,8,2020-03-01 00:00:00,18,1
